21597471	American Coot-21597471	American Coot (Red-shielded)	5500	American Coot	Foulque d'Amérique	Fulica americana	Gruiformes	Rallidae (Rails, Gallinules, and Coots)
70135381	Red-necked Grebe-70135381	Red-necked Grebe	6869	Red-necked Grebe	Grèbe jougris	Podiceps grisegena	Podicipediformes	Podicipedidae (Grebes)
70136741	Parasitic Jaeger-70136741	Parasitic Jaeger	6361	Parasitic Jaeger	Labbe parasite	Stercorarius parasiticus	Charadriiformes	Stercorariidae (Skuas and Jaegers)
76289111	Great Egret-76289111	Great Egret (modesta)	7729	Great Egret	Grande Aigrette	Ardea alba	Pelecaniformes	Ardeidae (Herons, Egrets, and Bitterns)
77068161	Iceland Gull-77068161	Iceland Gull	6606	Iceland Gull	Goéland arctique	Larus glaucoides	Charadriiformes	Laridae (Gulls, Terns, and Skimmers)
77113691	Common Raven-77113691	Common Raven	21624	Common Raven	Grand Corbeau	Corvus corax	Passeriformes	Corvidae (Crows, Jays, and Magpies)
77194601	Brown-headed Honeyeater-77194601	Brown-headed Honeyeater	18132	Brown-headed Honeyeater	Méliphage à tête brune	Melithreptus brevirostris	Passeriformes	Meliphagidae (Honeyeaters)
77376651	White-cheeked Honeyeater-77376651	White-cheeked Honeyeater	18108	White-cheeked Honeyeater	Méliphage fardé	Phylidonyris niger	Passeriformes	Meliphagidae (Honeyeaters)
79476701	Cozumel Emerald-79476701	Cozumel Emerald	4882	Cozumel Emerald	Émeraude de Cozumel	Cynanthus forficatus	Apodiformes	Trochilidae (Hummingbirds)
79496601	Black Catbird-79496601	Black Catbird	27999	Black Catbird	Moqueur noir	Melanoptila glabrirostris	Passeriformes	Mimidae (Mockingbirds and Thrashers)
79499331	Couch's Kingbird-79499331	Couch's Kingbird	17459	Couch's Kingbird	Tyran de Couch	Tyrannus couchii	Passeriformes	Tyrannidae (Tyrant Flycatchers)
79545541	Yucatan Woodpecker-79545541	Yucatan Woodpecker	11167	Yucatan Woodpecker	Pic du Yucatan	Melanerpes pygmaeus	Piciformes	Picidae (Woodpeckers)
79546941	Western Spindalis-79546941	Western Spindalis (Cozumel I.)	33540	Western Spindalis	Zéna à tête rayée	Spindalis zena	Passeriformes	Phaenicophilidae (Greater Antillean Tanagers)
79570781	Mangrove Yellow Warbler-79570781	Mangrove Yellow Warbler (Cozumel)	34097	Mangrove Yellow Warbler	Paruline des mangroves	Setophaga petechia	Passeriformes	Parulidae (New World Warblers)
79642081	Cozumel Vireo-79642081	Cozumel Vireo	19191	Cozumel Vireo	Viréo de Cozumel	Vireo bairdi	Passeriformes	Vireonidae (Vireos, Shrike-Babblers, and Erpornis)
79643501	Gray-crowned Yellowthroat-79643501	Gray-crowned Yellowthroat	33992	Gray-crowned Yellowthroat	Paruline à calotte grise	Geothlypis poliocephala	Passeriformes	Parulidae (New World Warblers)
79645371	Crested Caracara-79645371	Crested Caracara (Northern)	11962	Crested Caracara	Caracara huppé	Caracara plancus	Falconiformes	Falconidae (Falcons and Caracaras)
124360531	Black Phoebe-124360531	Black Phoebe	16998	Black Phoebe	Moucherolle noir	Sayornis nigricans	Passeriformes	Tyrannidae (Tyrant Flycatchers)
124365731	Bushtit-124365731	Bushtit	25253	Bushtit	Orite buissonnière	Psaltriparus minimus	Passeriformes	Aegithalidae (Long-tailed Tits)
124560931	Wrentit-124560931	Wrentit	25431	Wrentit	Cama brune	Chamaea fasciata	Passeriformes	Paradoxornithidae (Parrotbills)
124714131	Hudsonian Whimbrel-124714131	Hudsonian Whimbrel	6011	Hudsonian Whimbrel	Courlis hudsonien	Numenius hudsonicus	Charadriiformes	Scolopacidae (Sandpipers and Allies)
125949611	Red-breasted Sapsucker-125949611	Red-breasted Sapsucker	11130	Red-breasted Sapsucker	Pic à poitrine rouge	Sphyrapicus ruber	Piciformes	Picidae (Woodpeckers)
128409561	Bewick's Wren-128409561	Bewick's Wren	27362	Bewick's Wren	Troglodyte de Bewick	Thryomanes bewickii	Passeriformes	Troglodytidae (Wrens)
128411361	Common Raven-128411361	Common Raven	21624	Common Raven	Grand Corbeau	Corvus corax	Passeriformes	Corvidae (Crows, Jays, and Magpies)
128411771	Hutton's Vireo-128411771	Hutton's Vireo	19204	Hutton's Vireo	Viréo de Hutton	Vireo huttoni	Passeriformes	Vireonidae (Vireos, Shrike-Babblers, and Erpornis)
128412451	California Thrasher-128412451	California Thrasher	28054	California Thrasher	Moqueur de Californie	Toxostoma redivivum	Passeriformes	Mimidae (Mockingbirds and Thrashers)
128412861	Heermann's Gull-128412861	Heermann's Gull	6512	Heermann's Gull	Goéland de Heermann	Larus heermanni	Charadriiformes	Laridae (Gulls, Terns, and Skimmers)
151779881	Tawny Antpitta-151779881	Tawny Antpitta	14286	Tawny Antpitta	Grallaire de Quito	Grallaria quitensis	Passeriformes	Grallariidae (Antpittas)
153265931	Rufous-breasted Chat-Tyrant-153265931	Rufous-breasted Chat-Tyrant	17194	Rufous-breasted Chat-Tyrant	Pitajo à poitrine rousse	Ochthoeca rufipectoralis	Passeriformes	Tyrannidae (Tyrant Flycatchers)
172849401	Zeledon's Antbird-172849401	Zeledon's Antbird (Choco)	14055	Zeledon's Antbird	Alapi de Zeledon	Hafferia zeledoni	Passeriformes	Thamnophilidae (Typical Antbirds)
192044691	Collared Trogon-192044691	Collared Trogon (Orange-bellied)	9579	Collared Trogon	Trogon rosalba	Trogon collaris	Trogoniformes	Trogonidae (Trogons)
194035951	Fawn-breasted Tanager-194035951	Fawn-breasted Tanager	34917	Fawn-breasted Tanager	Tangara à dos noir	Pipraeidea melanonota	Passeriformes	Thraupidae (Tanagers and Allies)
194170131	Brown-billed Scythebill-194170131	Brown-billed Scythebill	14912	Brown-billed Scythebill	Grimpar à bec brun	Campylorhamphus pusillus	Passeriformes	Furnariidae (Ovenbirds and Woodcreepers)
194193141	Golden-bellied Starfrontlet-194193141	Golden-bellied Starfrontlet	4652	Golden-bellied Starfrontlet	Inca de Bonaparte	Coeligena bonapartei	Apodiformes	Trochilidae (Hummingbirds)
194221301	Buff-banded Mountain Tanager-194221301	Buff-banded Mountain Tanager	34902	Buff-banded Mountain Tanager	Tangara à poitrine fauve	Dubusia taeniata	Passeriformes	Thraupidae (Tanagers and Allies)
404534591	Barrow's Goldeneye-404534591	Barrow's Goldeneye	748	Barrow's Goldeneye	Garrot d'Islande	Bucephala islandica	Anseriformes	Anatidae (Ducks, Geese, and Waterfowl)
410866401	Redpoll-410866401	Redpoll (Common)	32483	Redpoll	Sizerin flammé	Acanthis flammea	Passeriformes	Fringillidae (Finches, Euphonias, and Allies)
417305621	Redpoll-417305621	Redpoll (Common)	32483	Redpoll	Sizerin flammé	Acanthis flammea	Passeriformes	Fringillidae (Finches, Euphonias, and Allies)
417560771	Rüppell's Starling-417560771	Rüppell's Starling	27949	Rüppell's Starling	Choucador de Rüppell	Lamprotornis purpuroptera	Passeriformes	Sturnidae (Starlings)
418213531	Augur Buzzard-418213531	Augur Buzzard (Augur)	8538	Augur Buzzard	Buse augure	Buteo augur	Accipitriformes	Accipitridae (Hawks, Eagles, and Kites)
419277831	Redpoll-419277831	Redpoll (Common)	32483	Redpoll	Sizerin flammé	Acanthis flammea	Passeriformes	Fringillidae (Finches, Euphonias, and Allies)
421418501	Golden-faced Tyrannulet-421418501	Golden-faced Tyrannulet (Golden-faced)	16806	Golden-faced Tyrannulet	Tyranneau à face d'or	Zimmerius chrysops	Passeriformes	Tyrannidae (Tyrant Flycatchers)
421733671	Band-tailed Pigeon-421733671	Band-tailed Pigeon (White-necked)	1966	Band-tailed Pigeon	Pigeon à queue barrée	Patagioenas fasciata	Columbiformes	Columbidae (Pigeons and Doves)
422045891	Crested Caracara-422045891	Crested Caracara (Northern)	11962	Crested Caracara	Caracara huppé	Caracara plancus	Falconiformes	Falconidae (Falcons and Caracaras)
461965411	Black-and-yellow Tanager-461965411	Black-and-yellow Tanager	35230	Black-and-yellow Tanager	Tangara loriot	Chrysothlypis chrysomelas	Passeriformes	Thraupidae (Tanagers and Allies)
467489401	Mangrove Yellow Warbler-467489401	Mangrove Yellow Warbler (Mexican)	34097	Mangrove Yellow Warbler	Paruline des mangroves	Setophaga petechia	Passeriformes	Parulidae (New World Warblers)
473592171	Pale-mandibled Aracari-473592171	Pale-mandibled Aracari (Pale-billed)	10889	Pale-mandibled Aracari	Araçari à bec clair	Pteroglossus erythropygius	Piciformes	Ramphastidae (Toucans)
473943911	Flame-rumped Tanager-473943911	Flame-rumped Tanager (Lemon-rumped)	34796	Flame-rumped Tanager	Tangara flamboyant	Ramphocelus flammigerus	Passeriformes	Thraupidae (Tanagers and Allies)
474599351	Crowned Woodnymph-474599351	Crowned Woodnymph (Green-crowned/Emerald-bellied)	4976	Crowned Woodnymph	Dryade couronnée	Thalurania colombica	Apodiformes	Trochilidae (Hummingbirds)
477460281	Silvery Grebe-477460281	Silvery Grebe (Andean)	6882	Silvery Grebe	Grèbe aux belles joues	Podiceps occipitalis	Podicipediformes	Podicipedidae (Grebes)
477460361	Silvery Grebe-477460361	Silvery Grebe (Andean)	6882	Silvery Grebe	Grèbe aux belles joues	Podiceps occipitalis	Podicipediformes	Podicipedidae (Grebes)
477461451	Andean Duck-477461451	Andean Duck (ferruginea)	780	Andean Duck	Érismature des Andes	Oxyura ferruginea	Anseriformes	Anatidae (Ducks, Geese, and Waterfowl)
502697631	Hudsonian Whimbrel-502697631	Hudsonian Whimbrel	6011	Hudsonian Whimbrel	Courlis hudsonien	Numenius hudsonicus	Charadriiformes	Scolopacidae (Sandpipers and Allies)
503658691	Silver Gull-503658691	Silver Gull (Silver)	6463	Silver Gull	Mouette argentée	Chroicocephalus novaehollandiae	Charadriiformes	Laridae (Gulls, Terns, and Skimmers)
503704011	Silver Gull-503704011	Silver Gull (Silver)	6463	Silver Gull	Mouette argentée	Chroicocephalus novaehollandiae	Charadriiformes	Laridae (Gulls, Terns, and Skimmers)
514725941	Pale-mandibled Aracari-514725941	Pale-mandibled Aracari	10889	Pale-mandibled Aracari	Araçari à bec clair	Pteroglossus erythropygius	Piciformes	Ramphastidae (Toucans)
529819831	Little Heron-529819831	Little Heron	7673	Little Heron	Héron des mangroves	Butorides atricapilla	Pelecaniformes	Ardeidae (Herons, Egrets, and Bitterns)
530272901	White-crowned Lapwing-530272901	White-crowned Lapwing	5867	White-crowned Lapwing	Vanneau à tête blanche	Vanellus albiceps	Charadriiformes	Charadriidae (Plovers and Lapwings)
531171721	Brown-crowned Tchagra-531171721	Brown-crowned Tchagra	20083	Brown-crowned Tchagra	Tchagra à tête brune	Tchagra australis	Passeriformes	Malaconotidae (Bushshrikes and Allies)
531175931	Pearl-spotted Owlet-531175931	Pearl-spotted Owlet	9007	Pearl-spotted Owlet	Chevêchette perlée	Glaucidium perlatum	Strigiformes	Strigidae (Owls)
531182341	Scarlet-chested Sunbird-531182341	Scarlet-chested Sunbird	30267	Scarlet-chested Sunbird	Souimanga à poitrine rouge	Chalcomitra senegalensis	Passeriformes	Nectariniidae (Sunbirds and Spiderhunters)
531184941	Scarlet-chested Sunbird-531184941	Scarlet-chested Sunbird	30267	Scarlet-chested Sunbird	Souimanga à poitrine rouge	Chalcomitra senegalensis	Passeriformes	Nectariniidae (Sunbirds and Spiderhunters)
531440091	Red-winged Starling-531440091	Red-winged Starling	27911	Red-winged Starling	Rufipenne morio	Onychognathus morio	Passeriformes	Sturnidae (Starlings)
531459491	Marico Sunbird-531459491	Marico Sunbird	30393	Marico Sunbird	Souimanga du Marico	Cinnyris mariquensis	Passeriformes	Nectariniidae (Sunbirds and Spiderhunters)
531460881	African Hawk-Eagle-531460881	African Hawk-Eagle	8075	African Hawk-Eagle	Aigle fascié	Aquila spilogaster	Accipitriformes	Accipitridae (Hawks, Eagles, and Kites)
531515631	Saddle-billed Stork-531515631	Saddle-billed Stork	7300	Saddle-billed Stork	Jabiru d'Afrique	Ephippiorhynchus senegalensis	Ciconiiformes	Ciconiidae (Storks)
531520061	Brown-headed Parrot-531520061	Brown-headed Parrot	12781	Brown-headed Parrot	Perroquet à tête brune	Poicephalus cryptoxanthus	Psittaciformes	Psittacidae (New World and African Parrots)
531590881	Red-headed Weaver-531590881	Red-headed Weaver	30754	Red-headed Weaver	Anaplecte écarlate	Anaplectes rubriceps	Passeriformes	Ploceidae (Weavers and Allies)
531930891	White-crested Helmetshrike-531930891	White-crested Helmetshrike	19905	White-crested Helmetshrike	Bagadais casqué	Prionops plumatus	Passeriformes	Vangidae (Vangas, Helmetshrikes, and Allies)
531939091	Black-crowned Tchagra-531939091	Black-crowned Tchagra	20071	Black-crowned Tchagra	Tchagra à tête noire	Tchagra senegalus	Passeriformes	Malaconotidae (Bushshrikes and Allies)
531942181	Golden-breasted Bunting-531942181	Golden-breasted Bunting	32756	Golden-breasted Bunting	Bruant à poitrine dorée	Emberiza flaviventris	Passeriformes	Emberizidae (Old World Buntings)
531957791	Chinspot Batis-531957791	Chinspot Batis	19875	Chinspot Batis	Pririt molitor	Batis molitor	Passeriformes	Platysteiridae (Wattle-eyes and Batises)
546177511	Double-banded Graytail-546177511	Double-banded Graytail	15461	Double-banded Graytail	Queue-grise des feuilles	Xenerpestes minlosi	Passeriformes	Furnariidae (Ovenbirds and Woodcreepers)
550406411	Retz's Helmetshrike-550406411	Retz's Helmetshrike	19920	Retz's Helmetshrike	Bagadais de Retz	Prionops retzii	Passeriformes	Vangidae (Vangas, Helmetshrikes, and Allies)
550414331	Marico Sunbird-550414331	Marico Sunbird	30393	Marico Sunbird	Souimanga du Marico	Cinnyris mariquensis	Passeriformes	Nectariniidae (Sunbirds and Spiderhunters)
550415961	Brown-headed Parrot-550415961	Brown-headed Parrot	12781	Brown-headed Parrot	Perroquet à tête brune	Poicephalus cryptoxanthus	Psittaciformes	Psittacidae (New World and African Parrots)
550417651	Spectacled Weaver-550417651	Spectacled Weaver	30786	Spectacled Weaver	Tisserin à lunettes	Ploceus ocularis	Passeriformes	Ploceidae (Weavers and Allies)
551147491	Saddle-billed Stork-551147491	Saddle-billed Stork	7300	Saddle-billed Stork	Jabiru d'Afrique	Ephippiorhynchus senegalensis	Ciconiiformes	Ciconiidae (Storks)
563202371	Southern Gray-headed Sparrow-563202371	Southern Gray-headed Sparrow	31593	Southern Gray-headed Sparrow	Moineau sud-africain	Passer diffusus	Passeriformes	Passeridae (Old World Sparrows)
563204381	Lesser Striped Swallow-563204381	Lesser Striped Swallow	24254	Lesser Striped Swallow	Hirondelle striée	Cecropis abyssinica	Passeriformes	Hirundinidae (Swallows)
563215831	Red-headed Weaver-563215831	Red-headed Weaver	30754	Red-headed Weaver	Anaplecte écarlate	Anaplectes rubriceps	Passeriformes	Ploceidae (Weavers and Allies)
563221231	Common Greenshank-563221231	Common Greenshank	6152	Common Greenshank	Chevalier aboyeur	Tringa nebularia	Charadriiformes	Scolopacidae (Sandpipers and Allies)
563495341	Red-billed Oxpecker-563495341	Red-billed Oxpecker	27680	Red-billed Oxpecker	Piqueboeuf à bec rouge	Buphagus erythroryncha	Passeriformes	Buphagidae (Oxpeckers)
568011691	Winter Wren-568011691	Winter Wren	27295	Winter Wren	Troglodyte des forêts	Troglodytes hiemalis	Passeriformes	Troglodytidae (Wrens)
570930111	Common Nighthawk-570930111	Common Nighthawk	3492	Common Nighthawk	Engoulevent d'Amérique	Chordeiles minor	Caprimulgiformes	Caprimulgidae (Nightjars and Allies)
612426856	Hudsonian Whimbrel-612426856	Hudsonian Whimbrel	6011	Hudsonian Whimbrel	Courlis hudsonien	Numenius hudsonicus	Charadriiformes	Scolopacidae (Sandpipers and Allies)
626566609	Crested Drongo-626566609	Crested Drongo (Madagascar)	20430	Crested Drongo	Drongo malgache	Dicrurus forficatus	Passeriformes	Dicruridae (Drongos)
626566614	Crested Drongo-626566614	Crested Drongo (Madagascar)	20430	Crested Drongo	Drongo malgache	Dicrurus forficatus	Passeriformes	Dicruridae (Drongos)
626570058	Little Heron-626570058	Little Heron	7673	Little Heron	Héron des mangroves	Butorides atricapilla	Pelecaniformes	Ardeidae (Herons, Egrets, and Bitterns)
626725961	Malagasy Paradise-Flycatcher-626725961	Malagasy Paradise-Flycatcher (Malagasy)	20753	Malagasy Paradise-Flycatcher	Tchitrec malgache	Terpsiphone mutata	Passeriformes	Monarchidae (Monarch Flycatchers)
638158784	Southern Emerald-Toucanet-638158784	Southern Emerald-Toucanet (Santa Marta)	10845	Southern Emerald-Toucanet	Toucanet à gorge blanche	Aulacorhynchus albivitta	Piciformes	Ramphastidae (Toucans)
638159290	Southern Emerald-Toucanet-638159290	Southern Emerald-Toucanet (Santa Marta)	10845	Southern Emerald-Toucanet	Toucanet à gorge blanche	Aulacorhynchus albivitta	Piciformes	Ramphastidae (Toucans)
638318100	Gray-breasted Wood-Wren-638318100	Gray-breasted Wood-Wren (bangsi)	27612	Gray-breasted Wood-Wren	Troglodyte à poitrine grise	Henicorhina leucophrys	Passeriformes	Troglodytidae (Wrens)
638498314	White-winged Becard-638498314	White-winged Becard	16048	White-winged Becard	Bécarde à ailes blanches	Pachyramphus polychopterus	Passeriformes	Tityridae (Tityras and Allies)
640588336	Hudsonian Whimbrel-640588336	Hudsonian Whimbrel	6011	Hudsonian Whimbrel	Courlis hudsonien	Numenius hudsonicus	Charadriiformes	Scolopacidae (Sandpipers and Allies)
646193948	Eurasian Coot-646193948	Eurasian Coot	5487	Eurasian Coot	Foulque macroule	Fulica atra	Gruiformes	Rallidae (Rails, Gallinules, and Coots)
646204666	Australasian Darter-646204666	Australasian Darter	7375	Australasian Darter	Anhinga d'Australie	Anhinga novaehollandiae	Suliformes	Anhingidae (Anhingas)
646207319	Gray Teal-646207319	Gray Teal	637	Gray Teal	Sarcelle australasienne	Anas gracilis	Anseriformes	Anatidae (Ducks, Geese, and Waterfowl)
646207641	Gray Teal-646207641	Gray Teal	637	Gray Teal	Sarcelle australasienne	Anas gracilis	Anseriformes	Anatidae (Ducks, Geese, and Waterfowl)
646262207	Slender-billed Thornbill-646262207	Slender-billed Thornbill	18411	Slender-billed Thornbill	Acanthize d'Iredale	Acanthiza iredalei	Passeriformes	Acanthizidae (Thornbills and Allies)
646295781	Apostlebird-646295781	Apostlebird	21017	Apostlebird	Apôtre gris	Struthidea cinerea	Passeriformes	Corcoracidae (White-winged Chough and Apostlebird)
646295957	Apostlebird-646295957	Apostlebird	21017	Apostlebird	Apôtre gris	Struthidea cinerea	Passeriformes	Corcoracidae (White-winged Chough and Apostlebird)
646300690	Australian Ringneck-646300690	Australian Ringneck	12472	Australian Ringneck	Perruche à col jaune	Barnardius zonarius	Psittaciformes	Psittaculidae (Old World Parrots)
646303926	Australian Ringneck-646303926	Australian Ringneck	12472	Australian Ringneck	Perruche à col jaune	Barnardius zonarius	Psittaciformes	Psittaculidae (Old World Parrots)
646328326	Striated Pardalote-646328326	Striated Pardalote	18235	Striated Pardalote	Pardalote à point jaune	Pardalotus striatus	Passeriformes	Pardalotidae (Pardalotes)
646360823	Southern Scrub-Robin-646360823	Southern Scrub-Robin	21804	Southern Scrub-Robin	Drymode à croupion brun	Drymodes brunneopygia	Passeriformes	Petroicidae (Australasian Robins)
646361591	White-browed Babbler-646361591	White-browed Babbler	18509	White-browed Babbler	Pomatostome bridé	Pomatostomus superciliosus	Passeriformes	Pomatostomidae (Pseudo-Babblers)
646366262	Redthroat-646366262	Redthroat	18255	Redthroat	Séricorne rougegorge	Pyrrholaemus brunneus	Passeriformes	Acanthizidae (Thornbills and Allies)
646366563	Redthroat-646366563	Redthroat	18255	Redthroat	Séricorne rougegorge	Pyrrholaemus brunneus	Passeriformes	Acanthizidae (Thornbills and Allies)
646367060	White-browed Babbler-646367060	White-browed Babbler	18509	White-browed Babbler	Pomatostome bridé	Pomatostomus superciliosus	Passeriformes	Pomatostomidae (Pseudo-Babblers)
646369508	Australian Hobby-646369508	Australian Hobby	12080	Australian Hobby	Petit Faucon	Falco longipennis	Falconiformes	Falconidae (Falcons and Caracaras)
646398533	Elegant Parrot-646398533	Elegant Parrot	12439	Elegant Parrot	Perruche élégante	Neophema elegans	Psittaciformes	Psittaculidae (Old World Parrots)
646398807	Elegant Parrot-646398807	Elegant Parrot	12439	Elegant Parrot	Perruche élégante	Neophema elegans	Psittaciformes	Psittaculidae (Old World Parrots)
646401411	Red-capped Robin-646401411	Red-capped Robin	21747	Red-capped Robin	Miro à front rouge	Petroica goodenovii	Passeriformes	Petroicidae (Australasian Robins)
646401663	Red-capped Robin-646401663	Red-capped Robin	21747	Red-capped Robin	Miro à front rouge	Petroica goodenovii	Passeriformes	Petroicidae (Australasian Robins)
646402033	Southern Whiteface-646402033	Southern Whiteface	18372	Southern Whiteface	Acanthize blanchâtre	Aphelocephala leucopsis	Passeriformes	Acanthizidae (Thornbills and Allies)
646402556	Southern Whiteface-646402556	Southern Whiteface	18372	Southern Whiteface	Acanthize blanchâtre	Aphelocephala leucopsis	Passeriformes	Acanthizidae (Thornbills and Allies)
646405363	Splendid Fairywren-646405363	Splendid Fairywren	17664	Splendid Fairywren	Mérion splendide	Malurus splendens	Passeriformes	Maluridae (Fairywrens)
646406656	Splendid Fairywren-646406656	Splendid Fairywren	17664	Splendid Fairywren	Mérion splendide	Malurus splendens	Passeriformes	Maluridae (Fairywrens)
646407459	Crimson Rosella-646407459	Crimson Rosella (Yellow)	12480	Crimson Rosella	Perruche de Pennant	Platycercus elegans	Psittaciformes	Psittaculidae (Old World Parrots)
646408010	White-fronted Honeyeater-646408010	White-fronted Honeyeater	17786	White-fronted Honeyeater	Méliphage à front blanc	Purnella albifrons	Passeriformes	Meliphagidae (Honeyeaters)
646413092	Yellow-plumed Honeyeater-646413092	Yellow-plumed Honeyeater	17883	Yellow-plumed Honeyeater	Méliphage orné	Ptilotula ornata	Passeriformes	Meliphagidae (Honeyeaters)
646413381	Yellow-plumed Honeyeater-646413381	Yellow-plumed Honeyeater	17883	Yellow-plumed Honeyeater	Méliphage orné	Ptilotula ornata	Passeriformes	Meliphagidae (Honeyeaters)
646413702	Rainbow Bee-eater-646413702	Rainbow Bee-eater	9828	Rainbow Bee-eater	Guêpier arc-en-ciel	Merops ornatus	Coraciiformes	Meropidae (Bee-eaters)
646413902	Rainbow Bee-eater-646413902	Rainbow Bee-eater	9828	Rainbow Bee-eater	Guêpier arc-en-ciel	Merops ornatus	Coraciiformes	Meropidae (Bee-eaters)
646414514	Mulga Parrot-646414514	Mulga Parrot	12517	Mulga Parrot	Perruche multicolore	Psephotellus varius	Psittaciformes	Psittaculidae (Old World Parrots)
646416708	Red-backed Kingfisher-646416708	Red-backed Kingfisher	10123	Red-backed Kingfisher	Martin-chasseur à dos de feu	Todiramphus pyrrhopygius	Coraciiformes	Alcedinidae (Kingfishers)
646418080	Masked Woodswallow-646418080	Masked Woodswallow	19749	Masked Woodswallow	Langrayen masqué	Artamus personatus	Passeriformes	Artamidae (Woodswallows, Bellmagpies, and Allies)
646418698	White-browed Woodswallow-646418698	White-browed Woodswallow	19750	White-browed Woodswallow	Langrayen bridé	Artamus superciliosus	Passeriformes	Artamidae (Woodswallows, Bellmagpies, and Allies)
646428575	Crested Bellbird-646428575	Crested Bellbird	18989	Crested Bellbird	Carillonneur huppé	Oreoica gutturalis	Passeriformes	Oreoicidae (Australo-Papuan Bellbirds)
646429005	Regent Parrot-646429005	Regent Parrot	12261	Regent Parrot	Perruche mélanure	Polytelis anthopeplus	Psittaciformes	Psittaculidae (Old World Parrots)
646430491	Rufous Whistler-646430491	Rufous Whistler	19558	Rufous Whistler	Siffleur itchong	Pachycephala rufiventris	Passeriformes	Pachycephalidae (Whistlers and Allies)
646452470	Chestnut-rumped Thornbill-646452470	Chestnut-rumped Thornbill	18415	Chestnut-rumped Thornbill	Acanthize à croupion roux	Acanthiza uropygialis	Passeriformes	Acanthizidae (Thornbills and Allies)
646452970	Spiny-cheeked Honeyeater-646452970	Spiny-cheeked Honeyeater	17858	Spiny-cheeked Honeyeater	Méliphage à bavette	Acanthagenys rufogularis	Passeriformes	Meliphagidae (Honeyeaters)
646453669	Malleefowl-646453669	Malleefowl	814	Malleefowl	Léipoa ocellé	Leipoa ocellata	Galliformes	Megapodiidae (Megapodes)
646454787	White-winged Triller-646454787	White-winged Triller	18810	White-winged Triller	Échenilleur tricolore	Lalage tricolor	Passeriformes	Campephagidae (Cuckooshrikes)
646455696	Striped Honeyeater-646455696	Striped Honeyeater	18178	Striped Honeyeater	Méliphage lancéolé	Plectorhyncha lanceolata	Passeriformes	Meliphagidae (Honeyeaters)
646457530	Striated Pardalote-646457530	Striated Pardalote	18235	Striated Pardalote	Pardalote à point jaune	Pardalotus striatus	Passeriformes	Pardalotidae (Pardalotes)
646458066	Striated Grasswren-646458066	Striated Grasswren	17607	Striated Grasswren	Amytis strié	Amytornis striatus	Passeriformes	Maluridae (Fairywrens)
646460603	Superb Parrot-646460603	Superb Parrot	12260	Superb Parrot	Perruche de Barraband	Polytelis swainsonii	Psittaciformes	Psittaculidae (Old World Parrots)
646460954	Superb Parrot-646460954	Superb Parrot	12260	Superb Parrot	Perruche de Barraband	Polytelis swainsonii	Psittaciformes	Psittaculidae (Old World Parrots)
646471803	Little Friarbird-646471803	Little Friarbird	18181	Little Friarbird	Polochion à menton jaune	Philemon citreogularis	Passeriformes	Meliphagidae (Honeyeaters)
646474248	Rock Pigeon-646474248	Rock Pigeon (Feral Pigeon)	1853	Rock Pigeon	Pigeon biset	Columba livia	Columbiformes	Columbidae (Pigeons and Doves)
646475807	Superb Parrot-646475807	Superb Parrot	12260	Superb Parrot	Perruche de Barraband	Polytelis swainsonii	Psittaciformes	Psittaculidae (Old World Parrots)
646476464	Crimson Rosella-646476464	Crimson Rosella (Yellow)	12480	Crimson Rosella	Perruche de Pennant	Platycercus elegans	Psittaciformes	Psittaculidae (Old World Parrots)
646485790	Dusky Woodswallow-646485790	Dusky Woodswallow	19761	Dusky Woodswallow	Langrayen sordide	Artamus cyanopterus	Passeriformes	Artamidae (Woodswallows, Bellmagpies, and Allies)
646486656	White-throated Treecreeper-646486656	White-throated Treecreeper	17575	White-throated Treecreeper	Échelet leucophée	Cormobates leucophaea	Passeriformes	Climacteridae (Australasian Treecreepers)
646487961	Red-capped Robin-646487961	Red-capped Robin	21747	Red-capped Robin	Miro à front rouge	Petroica goodenovii	Passeriformes	Petroicidae (Australasian Robins)
646488384	Little Eagle-646488384	Little Eagle	8048	Little Eagle	Aigle nain	Hieraaetus morphnoides	Accipitriformes	Accipitridae (Hawks, Eagles, and Kites)
646488797	Painted Honeyeater-646488797	Painted Honeyeater	18179	Painted Honeyeater	Méliphage peint	Grantiella picta	Passeriformes	Meliphagidae (Honeyeaters)
646489019	Painted Honeyeater-646489019	Painted Honeyeater	18179	Painted Honeyeater	Méliphage peint	Grantiella picta	Passeriformes	Meliphagidae (Honeyeaters)
646490602	Purple-backed Fairywren-646490602	Purple-backed Fairywren	17654	Purple-backed Fairywren	Mérion violacé	Malurus assimilis	Passeriformes	Maluridae (Fairywrens)
646515789	Western Gerygone-646515789	Western Gerygone	18488	Western Gerygone	Gérygone à queue blanche	Gerygone fusca	Passeriformes	Acanthizidae (Thornbills and Allies)
646516207	Gray-crowned Babbler-646516207	Gray-crowned Babbler	18504	Gray-crowned Babbler	Pomatostome à calotte grise	Pomatostomus temporalis	Passeriformes	Pomatostomidae (Pseudo-Babblers)
646516546	Gray-crowned Babbler-646516546	Gray-crowned Babbler	18504	Gray-crowned Babbler	Pomatostome à calotte grise	Pomatostomus temporalis	Passeriformes	Pomatostomidae (Pseudo-Babblers)
646517152	Crimson Rosella-646517152	Crimson Rosella (Yellow)	12480	Crimson Rosella	Perruche de Pennant	Platycercus elegans	Psittaciformes	Psittaculidae (Old World Parrots)
646517477	Square-tailed Kite-646517477	Square-tailed Kite	7925	Square-tailed Kite	Bondrée à queue carrée	Lophoictinia isura	Accipitriformes	Accipitridae (Hawks, Eagles, and Kites)
646517569	Square-tailed Kite-646517569	Square-tailed Kite	7925	Square-tailed Kite	Bondrée à queue carrée	Lophoictinia isura	Accipitriformes	Accipitridae (Hawks, Eagles, and Kites)
646517876	Eastern Shrike-tit-646517876	Eastern Shrike-tit	19002	Eastern Shrike-tit	Falconelle à casque	Falcunculus frontatus	Passeriformes	Falcunculidae (Shrike-tits)
646518816	Australian Owlet-nightjar-646518816	Australian Owlet-nightjar	3814	Australian Owlet-nightjar	Égothèle d'Australie	Aegotheles cristatus	Aegotheliformes	Aegothelidae (Owlet-nightjars)
646519253	Horsfield's Bronze-Cuckoo-646519253	Horsfield's Bronze-Cuckoo	3315	Horsfield's Bronze-Cuckoo	Coucou de Horsfield	Chalcites basalis	Cuculiformes	Cuculidae (Cuckoos)
646519619	White-backed Swallow-646519619	White-backed Swallow	24026	White-backed Swallow	Hirondelle à dos blanc	Cheramoeca leucosterna	Passeriformes	Hirundinidae (Swallows)
646533979	Banded Lapwing-646533979	Banded Lapwing	5890	Banded Lapwing	Vanneau tricolore	Vanellus tricolor	Charadriiformes	Charadriidae (Plovers and Lapwings)
646534612	Banded Lapwing-646534612	Banded Lapwing	5890	Banded Lapwing	Vanneau tricolore	Vanellus tricolor	Charadriiformes	Charadriidae (Plovers and Lapwings)
646538505	Australian Pratincole-646538505	Australian Pratincole	6343	Australian Pratincole	Glaréole isabelle	Glareola isabella	Charadriiformes	Glareolidae (Pratincoles and Coursers)
646539602	Australian Pratincole-646539602	Australian Pratincole	6343	Australian Pratincole	Glaréole isabelle	Glareola isabella	Charadriiformes	Glareolidae (Pratincoles and Coursers)
646542209	Plains-wanderer-646542209	Plains-wanderer	5966	Plains-wanderer	Pédionome errant	Pedionomus torquatus	Charadriiformes	Pedionomidae (Plains-wanderer)
646543125	Peaceful Dove-646543125	Peaceful Dove	2233	Peaceful Dove	Géopélie placide	Geopelia placida	Columbiformes	Columbidae (Pigeons and Doves)
646543712	Rufous Whistler-646543712	Rufous Whistler	19558	Rufous Whistler	Siffleur itchong	Pachycephala rufiventris	Passeriformes	Pachycephalidae (Whistlers and Allies)
646554012	Mistletoebird-646554012	Mistletoebird	30117	Mistletoebird	Dicée hirondelle	Dicaeum hirundinaceum	Passeriformes	Dicaeidae (Flowerpeckers)
646554368	White-throated Gerygone-646554368	White-throated Gerygone	18466	White-throated Gerygone	Gérygone à gorge blanche	Gerygone olivacea	Passeriformes	Acanthizidae (Thornbills and Allies)
646554606	Dusky Woodswallow-646554606	Dusky Woodswallow	19761	Dusky Woodswallow	Langrayen sordide	Artamus cyanopterus	Passeriformes	Artamidae (Woodswallows, Bellmagpies, and Allies)
646555026	Hooded Robin-646555026	Hooded Robin	21834	Hooded Robin	Miro à capuchon	Melanodryas cucullata	Passeriformes	Petroicidae (Australasian Robins)
646557082	Turquoise Parrot-646557082	Turquoise Parrot	12442	Turquoise Parrot	Perruche turquoisine	Neophema pulchella	Psittaciformes	Psittaculidae (Old World Parrots)
646557506	Diamond Firetail-646557506	Diamond Firetail	31014	Diamond Firetail	Diamant à gouttelettes	Stagonopleura guttata	Passeriformes	Estrildidae (Waxbills and Allies)
646593864	Hooded Robin-646593864	Hooded Robin	21834	Hooded Robin	Miro à capuchon	Melanodryas cucullata	Passeriformes	Petroicidae (Australasian Robins)
646595192	Latham's Snipe-646595192	Latham's Snipe	6094	Latham's Snipe	Bécassine du Japon	Gallinago hardwickii	Charadriiformes	Scolopacidae (Sandpipers and Allies)
646596172	Black-chinned Honeyeater-646596172	Black-chinned Honeyeater	18138	Black-chinned Honeyeater	Méliphage à menton noir	Melithreptus gularis	Passeriformes	Meliphagidae (Honeyeaters)
646610403	Olive-backed Oriole-646610403	Olive-backed Oriole	19604	Olive-backed Oriole	Loriot sagittal	Oriolus sagittatus	Passeriformes	Oriolidae (Old World Orioles)
646611070	Nankeen Night Heron-646611070	Nankeen Night Heron	7610	Nankeen Night Heron	Bihoreau cannelle	Nycticorax caledonicus	Pelecaniformes	Ardeidae (Herons, Egrets, and Bitterns)
646671674	Superb Lyrebird-646671674	Superb Lyrebird	17504	Superb Lyrebird	Ménure superbe	Menura novaehollandiae	Passeriformes	Menuridae (Lyrebirds)
646696822	Cape Barren Goose-646696822	Cape Barren Goose	372	Cape Barren Goose	Céréopse cendré	Cereopsis novaehollandiae	Anseriformes	Anatidae (Ducks, Geese, and Waterfowl)
646697374	Magpie Goose-646697374	Magpie Goose	236	Magpie Goose	Canaroie semipalmée	Anseranas semipalmata	Anseriformes	Anseranatidae (Magpie Goose)
646698471	Eurasian Tree Sparrow-646698471	Eurasian Tree Sparrow	31603	Eurasian Tree Sparrow	Moineau friquet	Passer montanus	Passeriformes	Passeridae (Old World Sparrows)
646701343	White-winged Chough-646701343	White-winged Chough	21014	White-winged Chough	Corbicrave leucoptère	Corcorax melanorhamphos	Passeriformes	Corcoracidae (White-winged Chough and Apostlebird)
646705832	Freckled Duck-646705832	Freckled Duck	375	Freckled Duck	Stictonette tachetée	Stictonetta naevosa	Anseriformes	Anatidae (Ducks, Geese, and Waterfowl)
646750926	Musk Duck-646750926	Musk Duck	789	Musk Duck	Érismature à barbillons	Biziura lobata	Anseriformes	Anatidae (Ducks, Geese, and Waterfowl)
646907825	Gray Currawong-646907825	Gray Currawong	19818	Gray Currawong	Réveilleur cendré	Strepera versicolor	Passeriformes	Artamidae (Woodswallows, Bellmagpies, and Allies)
646913558	Satin Flycatcher-646913558	Satin Flycatcher	20995	Satin Flycatcher	Monarque satiné	Myiagra cyanoleuca	Passeriformes	Monarchidae (Monarch Flycatchers)
646914699	Swift Parrot-646914699	Swift Parrot	12445	Swift Parrot	Perruche de Latham	Lathamus discolor	Psittaciformes	Psittaculidae (Old World Parrots)
646922978	Black-faced Cormorant-646922978	Black-faced Cormorant	7417	Black-faced Cormorant	Cormoran de Tasmanie	Phalacrocorax fuscescens	Suliformes	Phalacrocoracidae (Cormorants and Shags)
646928942	Strong-billed Honeyeater-646928942	Strong-billed Honeyeater	18141	Strong-billed Honeyeater	Méliphage à bec fort	Melithreptus validirostris	Passeriformes	Meliphagidae (Honeyeaters)
646929470	Satin Flycatcher-646929470	Satin Flycatcher	20995	Satin Flycatcher	Monarque satiné	Myiagra cyanoleuca	Passeriformes	Monarchidae (Monarch Flycatchers)
646930691	Tasmanian Scrubwren-646930691	Tasmanian Scrubwren	18306	Tasmanian Scrubwren	Séricorne brun	Sericornis humilis	Passeriformes	Acanthizidae (Thornbills and Allies)
646932986	Yellow-throated Honeyeater-646932986	Yellow-throated Honeyeater	18119	Yellow-throated Honeyeater	Méliphage à gorge jaune	Nesoptilotis flavicollis	Passeriformes	Meliphagidae (Honeyeaters)
646946656	Slender-billed Thornbill-646946656	Slender-billed Thornbill	18411	Slender-billed Thornbill	Acanthize d'Iredale	Acanthiza iredalei	Passeriformes	Acanthizidae (Thornbills and Allies)
646946657	Slender-billed Thornbill-646946657	Slender-billed Thornbill	18411	Slender-billed Thornbill	Acanthize d'Iredale	Acanthiza iredalei	Passeriformes	Acanthizidae (Thornbills and Allies)
646970889	Gray Teal-646970889	Gray Teal	637	Gray Teal	Sarcelle australasienne	Anas gracilis	Anseriformes	Anatidae (Ducks, Geese, and Waterfowl)
646971715	Australasian Shoveler-646971715	Australasian Shoveler	498	Australasian Shoveler	Canard bridé	Spatula rhynchotis	Anseriformes	Anatidae (Ducks, Geese, and Waterfowl)
646972026	Freckled Duck-646972026	Freckled Duck	375	Freckled Duck	Stictonette tachetée	Stictonetta naevosa	Anseriformes	Anatidae (Ducks, Geese, and Waterfowl)
646975174	Gray Goshawk-646975174	Gray Goshawk	8187	Gray Goshawk	Autour blanc	Tachyspiza novaehollandiae	Accipitriformes	Accipitridae (Hawks, Eagles, and Kites)
646976210	Black Currawong-646976210	Black Currawong	19814	Black Currawong	Réveilleur noir	Strepera fuliginosa	Passeriformes	Artamidae (Woodswallows, Bellmagpies, and Allies)
646979043	Lewin's Rail-646979043	Lewin's Rail	5339	Lewin's Rail	Râle à poitrine grise	Lewinia pectoralis	Gruiformes	Rallidae (Rails, Gallinules, and Coots)
646979953	Australasian Figbird-646979953	Australasian Figbird	19708	Australasian Figbird	Sphécothère de Vieillot	Sphecotheres vieilloti	Passeriformes	Oriolidae (Old World Orioles)
646980685	Powerful Owl-646980685	Powerful Owl	9323	Powerful Owl	Ninoxe puissante	Ninox strenua	Strigiformes	Strigidae (Owls)
646981468	Australasian Figbird-646981468	Australasian Figbird	19708	Australasian Figbird	Sphécothère de Vieillot	Sphecotheres vieilloti	Passeriformes	Oriolidae (Old World Orioles)
646982981	Australian Raven-646982981	Australian Raven	21608	Australian Raven	Corbeau d'Australie	Corvus coronoides	Passeriformes	Corvidae (Crows, Jays, and Magpies)
646988175	Pied Cormorant-646988175	Pied Cormorant	7414	Pied Cormorant	Cormoran varié	Phalacrocorax varius	Suliformes	Phalacrocoracidae (Cormorants and Shags)
647027845	White-breasted Woodswallow-647027845	White-breasted Woodswallow	19738	White-breasted Woodswallow	Langrayen à ventre blanc	Artamus leucorynchus	Passeriformes	Artamidae (Woodswallows, Bellmagpies, and Allies)
647033150	Cinnamon Quail-thrush-647033150	Cinnamon Quail-thrush	18539	Cinnamon Quail-thrush	Cinclosome cannelle	Cinclosoma cinnamomeum	Passeriformes	Cinclosomatidae (Quail-thrushes and Jewel-babblers)
647205362	Yellow-tufted Honeyeater-647205362	Yellow-tufted Honeyeater	17799	Yellow-tufted Honeyeater	Méliphage cornu	Lichenostomus melanops	Passeriformes	Meliphagidae (Honeyeaters)
649664113	White-winged Snowfinch-649664113	White-winged Snowfinch	31641	White-winged Snowfinch	Niverolle alpine	Montifringilla nivalis	Passeriformes	Passeridae (Old World Sparrows)
	Stop							